{"cameraMode":{"drawMode":0,"name":"Shaded","section":"Shading Mode"},"sceneLighting":true,"audioPlay":false,"sceneViewState":{"m_AlwaysRefresh":false,"showFog":true,"showSkybox":true,"showFlares":true,"showImageEffects":true,"showParticleSystems":true,"showVisualEffectGraphs":true,"m_FxEnabled":true},"in2DMode":false,"pivot":{"x":2.0639963150024416,"y":1.1940741539001465,"z":-3.208996057510376},"rotation":{"x":-0.21573452651500703,"y":-0.021083205938339235,"z":0.004648213740438223,"w":-0.9761820435523987},"size":23.05662727355957,"orthographic":false}